search_string,predict_under_code,line_no,similarity,filepath
""/** XXX I really don't like this - the XML processor is still             * too 'involved' in the processing. A better solution (IMO)             * would be to create UE for Project and Target too, and             * then process the tree and have Project/Target deal with             * its attributes ( similar with Description ).             *             * If we eventually switch to ( or add support for ) DOM,             * things will work smoothly - UE can be avoided almost completely             * ( it could still be created on demand, for backward compatibility )             */"","too long.",0,0,0
"// JUnit 4 wraps solo tests this way. We can extract // the original test name with a little hack.","String name = test.toString();",108,0.6942148760330579,/Users/yonekuramiki/Desktop/resarch/searchSATD-underCode/clone/src/main/org/apache/tools/ant/taskdefs/optional/junit/JUnitVersionHelper.java
"// XXX ignore attributes in a different NS ( maybe store them ? )","throw new SAXParseException("Unexpected attribute \"" + attrs.getQName(i) + "\"", context.locator);",628,1.0,/Users/yonekuramiki/Desktop/resarch/searchSATD-underCode/clone/proposal/embed/src/java/org/apache/tools/ant/helper/ProjectHelperImpl2.java
"//borrowed from TokenFilterTest","private String getFileString(String filename) throws IOException {",477,1.0,/Users/yonekuramiki/Desktop/resarch/searchSATD-underCode/clone/src/tests/junit/org/apache/tools/ant/taskdefs/ExecTaskTest.java
"// XXX Move to Project ( so it is shared by all helpers )","String antFileProp = "ant.file." + context.getCurrentProjectName();",727,1.0,/Users/yonekuramiki/Desktop/resarch/searchSATD-underCode/clone/src/main/org/apache/tools/ant/helper/ProjectHelper2.java
"// What is the property supposed to be?","propertyValue =",220,1.0,/Users/yonekuramiki/Desktop/resarch/searchSATD-underCode/clone/src/tests/junit/org/apache/tools/ant/taskdefs/XmlPropertyTest.java
"// PR: Hack for ant-type value //  an ant-type is a component name which can // be namespaced, need to extract the name // and convert from qualified name to uri/name","if (ANT_TYPE.equals(name)",1035,0.3125,/Users/yonekuramiki/Desktop/resarch/searchSATD-underCode/clone/src/main/org/apache/tools/ant/helper/ProjectHelper2.java
"// there's a convenient xsltc class version but data are // private so use package information","Class procVersion = Class.forName(procVersionClassName);",115,0.746031746031746,/Users/yonekuramiki/Desktop/resarch/searchSATD-underCode/clone/src/main/org/apache/tools/ant/taskdefs/optional/junit/XalanExecutor.java
"// stolen from org.apache.xerces.impl.XMLEntityManager#getUserDir() // of the Xerces-J team // which ASCII characters need to be escaped","private static boolean[] gNeedEscaping = new boolean[128];",42,0.6956521739130435,/Users/yonekuramiki/Desktop/resarch/searchSATD-underCode/clone/src/main/org/apache/tools/ant/launch/Locator.java
"// bingo append it. (this should normally not be done here)","parent.appendChild(copy);",221,1.0,/Users/yonekuramiki/Desktop/resarch/searchSATD-underCode/clone/src/main/org/apache/tools/ant/taskdefs/optional/junit/DOMUtil.java
"// This is faintly ridiculous:","ze.setCrc (EMPTY_CRC);",1379,1.0,/Users/yonekuramiki/Desktop/resarch/searchSATD-underCode/clone/src/main/org/apache/tools/ant/taskdefs/Zip.java
"//cannot remove underscores due to protected visibility >:(","protected String str_encoding = "JPEG";",63,1.0,/Users/yonekuramiki/Desktop/resarch/searchSATD-underCode/clone/src/main/org/apache/tools/ant/taskdefs/optional/image/Image.java
"// TODO not read, yet in a public setter","private long granularity = FILE_UTILS.getFileTimestampGranularity();",62,1.0,/Users/yonekuramiki/Desktop/resarch/searchSATD-underCode/clone/src/main/org/apache/tools/ant/taskdefs/CopyPath.java
"//  PR: I do not know what to do if the object class //      has multiple defines //      but this is for logging only...","Class elementClass = o.getClass();",554,0.6190476190476191,/Users/yonekuramiki/Desktop/resarch/searchSATD-underCode/clone/src/main/org/apache/tools/ant/ComponentHelper.java
"// not sure what could be the need of this...","res.setSystemId(JAXPUtils.getSystemId(outfile));",179,1.0,/Users/yonekuramiki/Desktop/resarch/searchSATD-underCode/clone/src/main/org/apache/tools/ant/taskdefs/optional/TraXLiaison.java
"// XXX: (Jon Skeet) Any reason for writing a message and then using a bare // RuntimeException rather than just using a BuildException here? Is it // in case the message could end up being written to no loggers (as the // loggers could have failed to be created due to this failure)?","too long.",0,0,0
"// Experimental/Testing, will be removed","if( name.startsWith( "toString:" )) {",199,1.0,/Users/yonekuramiki/Desktop/resarch/searchSATD-underCode/clone/proposal/embed/src/java/org/apache/tools/ant/PropertyHelper.java
"// XXX should instead make a new ProtectionDomain with a CodeSource // corresponding to container.toURI().toURL() and the same // PermissionCollection as Project.class.protectionDomain had","return defineClass(classname, classData, 0, classData.length,",1127,0.5112107623318386,/Users/yonekuramiki/Desktop/resarch/searchSATD-underCode/clone/src/main/org/apache/tools/ant/AntClassLoader.java
"//this is really irritating; we need a way to set stuff","String []args = cmd.getJavaCommand().getArguments();",81,1.0,/Users/yonekuramiki/Desktop/resarch/searchSATD-underCode/clone/src/main/org/apache/tools/ant/taskdefs/optional/jsp/compilers/JasperC.java
"//XXX // All this to convert source to destination directory according // to weblogic standards Can be written better... this is too hacky!","jspFile = new File(files[i]);",270,0.6395348837209303,/Users/yonekuramiki/Desktop/resarch/searchSATD-underCode/clone/src/main/org/apache/tools/ant/taskdefs/optional/jsp/WLJspc.java
"//silly hack to avoid stack overflow...","if (!readingFiles) {",221,1.0,/Users/yonekuramiki/Desktop/resarch/searchSATD-underCode/clone/src/main/org/apache/tools/ant/types/FilterSet.java
"// -------------------- Access to property tables  -------------------- // This is used to support ant call and similar tasks. It should be // deprecated, it is possible to use a better (more efficient) // mechanism to preserve the context.","too long.",0,0,0
"// XXX - should throw an exception instead?","result.append('\\');",140,1.0,/Users/yonekuramiki/Desktop/resarch/searchSATD-underCode/clone/src/main/org/apache/tools/ant/util/RegexpPatternMapper.java
"// Temporary - until we figure a better API","/** EXPERIMENTAL WILL_CHANGE",116,1.0,/Users/yonekuramiki/Desktop/resarch/searchSATD-underCode/clone/src/main/org/apache/tools/ant/ProjectHelper.java
"// There is a better way to save the context. This shouldn't // delegate to next, it's for backward compatibility only.","// delegate to next, it's for backward compat only.",490,0.6621621621621622,/Users/yonekuramiki/Desktop/resarch/searchSATD-underCode/clone/proposal/embed/src/java/org/apache/tools/ant/PropertyHelper.java
"// quick fix for Ant.java use of property before // initializing the project","addTaskDefinition(ANT_PROPERTY_TASK,",463,0.7692307692307693,/Users/yonekuramiki/Desktop/resarch/searchSATD-underCode/clone/src/main/org/apache/tools/ant/ComponentHelper.java
"// XXX: we should use JCVS (www.ice.com/JCVS) instead of // command line execution so that we don't rely on having // native CVS stuff around (SM)","// We can't do it ourselves as jCVS is GPLed, a third party task",258,0.5680473372781065,/Users/yonekuramiki/Desktop/resarch/searchSATD-underCode/clone/src/main/org/apache/tools/ant/taskdefs/AbstractCvsTask.java
""/*             * two reasons are mentioned in the API docs for File.list             * (1) dir is not a directory. This is impossible as             *     we wouldn't get here in this case.             * (2) an IO error occurred (why doesn't it throw an exception             *     then???)             */"","throw new BuildException("IO error scanning directory "",961,0.4104803493449782,/Users/yonekuramiki/Desktop/resarch/searchSATD-underCode/clone/proposal/sandbox/selectors/src/main/org/apache/tools/ant/DirectoryScanner.java
""/** * Jakarta Commons Logging listener. * Note: do not use the SimpleLog as your logger implementation as it * causes an infinite loop since it writes to System.err, which Ant traps * and reroutes to the logger/listener layer. * * The following names are used for the log: *  org.apache.tools.ant.Project.PROJECT_NAME  - for project events *  org.apache.tools.ant.Target.TARGET_NAME - for target events *  TASK_CLASS_NAME.TARGET_NAME - for events in individual targets. * * In all target and project names we replace ""."" and "" "" with ""-"". * * TODO: we should use the advanced context logging features (and expose them * in c-l first :-) * TODO: this is _very_ inefficient. Switching the out and tracking the logs * can be optimized a lot - but may require few more changes to the core. * * @since Ant 1.5 */"","too long.",0,0,0
"//     * @TODO using taskName here is brittle, as a user could override it. //     *       this should probably be modified to use the classname instead.","if ("execon".equals(getTaskName())) {",298,0.6744186046511628,/Users/yonekuramiki/Desktop/resarch/searchSATD-underCode/clone/src/main/org/apache/tools/ant/taskdefs/ExecuteOn.java
"//these are pathological cases, but retained in case somebody //subclassed us.","return false;",447,0.8760330578512396,/Users/yonekuramiki/Desktop/resarch/searchSATD-underCode/clone/src/main/org/apache/tools/ant/taskdefs/SignJar.java
""/*                 * This is a rather hairy case.                 *                 * One of our subclasses knows that we need to update the                 * archive, but at the same time, there are no resources                 * known to us that would need to be added.  Only the                 * subclass seems to know what's going on.                 *                 * This happens if <jar> detects that the manifest has changed,                 * for example.  The manifest is not part of any resources                 * because of our support for inline <manifest>s.                 *                 * If we invoke createEmptyZip like Ant 1.5.2 did,                 * we'll loose all stuff that has been in the original                 * archive (bugzilla report 17780).                 */"","too long.",0,0,0
"// This is deprecated - use classespath in the future","String[] sP = getSourcespath().list();",614,1.0,/Users/yonekuramiki/Desktop/resarch/searchSATD-underCode/clone/src/main/org/apache/tools/ant/taskdefs/optional/jdepend/JDependTask.java
"//XXX  this array stuff is a remnant of prev trials.. gotta remove.","args[j++] = "-d";",149,1.0,/Users/yonekuramiki/Desktop/resarch/searchSATD-underCode/clone/src/main/org/apache/tools/ant/taskdefs/optional/jsp/WLJspc.java
""/**     * Set the number of milliseconds leeway to give before deciding a     * target is out of date.     * TODO: This is not yet used.     * @param granularity the granularity used to decide if a target is out of     *                    date.     */"","public void setGranularity(long granularity) {",120,0.484304932735426,/Users/yonekuramiki/Desktop/resarch/searchSATD-underCode/clone/src/main/org/apache/tools/ant/taskdefs/CopyPath.java
"// This may change, if we add advanced parsing capabilities.","parseStandardOutput(reader);",157,1.0,/Users/yonekuramiki/Desktop/resarch/searchSATD-underCode/clone/src/main/org/apache/tools/ant/taskdefs/JikesOutputParser.java
"// We assume, that every output, jikes does, stands for an error/warning // XXX // Is this correct?","// TODO:",123,0.8531468531468531,/Users/yonekuramiki/Desktop/resarch/searchSATD-underCode/clone/src/main/org/apache/tools/ant/taskdefs/JikesOutputParser.java
"// The line below is a hack: the system id must an URI, but it is not // cleat to get the URI of an resource, so just set the name of the // resource as a system id","src.setSystemId(resourceToURI(resource));",266,0.5921787709497207,/Users/yonekuramiki/Desktop/resarch/searchSATD-underCode/clone/src/main/org/apache/tools/ant/taskdefs/optional/TraXLiaison.java
"// XXX what is the following doing? //     should it run if !javadoc4 && executable != null?","if (javadoc4 && sourceFileName.indexOf(" ") > -1) {",2028,0.5742574257425742,/Users/yonekuramiki/Desktop/resarch/searchSATD-underCode/clone/src/main/org/apache/tools/ant/taskdefs/Javadoc.java
"// MAC OS 9 and previous //TODO: I have no idea how to get it, someone must fix it","return null;",245,0.4578313253012048,/Users/yonekuramiki/Desktop/resarch/searchSATD-underCode/clone/src/main/org/apache/tools/ant/taskdefs/Execute.java
"//TODO: nothing appears to read this but is set using a public setter.","private boolean spawn = false;",67,1.0,/Users/yonekuramiki/Desktop/resarch/searchSATD-underCode/clone/src/main/org/apache/tools/ant/taskdefs/Execute.java
"// XXX - we are committing CombiningChar and Extender here","if (!Character.isLetterOrDigit(c)",422,1.0,/Users/yonekuramiki/Desktop/resarch/searchSATD-underCode/clone/src/main/org/apache/tools/ant/taskdefs/AntStructure.java
""/*                 * XXX - failed to load the class properly.                 *                 * should we print a warning here?                 */"","return;",277,0.6666666666666666,/Users/yonekuramiki/Desktop/resarch/searchSATD-underCode/clone/src/main/org/apache/tools/ant/taskdefs/AntStructure.java
"// XXX could perhaps also call thread.stop(); not sure if anyone cares","throw e;",191,1.0,/Users/yonekuramiki/Desktop/resarch/searchSATD-underCode/clone/src/main/org/apache/tools/ant/taskdefs/ExecuteJava.java
""/**         * XXX         * Perhaps we shouldn't use properties for these         * three options (emacs mode, warnings and pedantic),         * but include it in the javac directive?         */"","* Jikes has the nice feature to print error",137,0.47337278106508873,/Users/yonekuramiki/Desktop/resarch/searchSATD-underCode/clone/src/main/org/apache/tools/ant/taskdefs/compilers/Jikes.java
"// XXX maybe use reflection to addPathElement (other patterns ?)","if (obj != null && !(obj instanceof AntClassLoader)) {",180,1.0,/Users/yonekuramiki/Desktop/resarch/searchSATD-underCode/clone/src/main/org/apache/tools/ant/taskdefs/Classloader.java
"// TODO there is a problem with the constructor for the RBC. // you have to provide the rules in the constructors - no setters // available.","throw new BuildException("RuleBasedCollator not yet supported.");",359,0.6012269938650306,/Users/yonekuramiki/Desktop/resarch/searchSATD-underCode/clone/src/main/org/apache/tools/ant/types/selectors/modifiedselector/ModifiedSelector.java
"// probably not the best choice, but it solves the problem of // relative paths in CLASSPATH","path = path.replace('\\', '/');",1092,0.3111111111111111,/Users/yonekuramiki/Desktop/resarch/searchSATD-underCode/clone/proposal/embed/src/java/org/apache/tools/ant/helper/ProjectHelperImpl2.java
"// Fix for invalid characters. If you think of more add to the list.","StringBuffer modifiedClassName = new StringBuffer(className.length());",83,1.0,/Users/yonekuramiki/Desktop/resarch/searchSATD-underCode/clone/src/main/org/apache/tools/ant/taskdefs/optional/jsp/JspNameMangler.java
""/*             * fallback in case we have trouble loading the class or             * don't know how to handle it (there is no easy way to             * know what IDL mode would generate.             *             * This is supposed to make Ant always recompile the             * class, as a file of that name should not exist.             */"","too long.",0,0,0
"// Check it out; also ugly.","// Change the item to be checked out to a StarTeam File.",561,1.0,/Users/yonekuramiki/Desktop/resarch/searchSATD-underCode/clone/src/main/org/apache/tools/ant/taskdefs/optional/scm/AntStarTeamCheckOut.java
"//I can't get my head around this; is encoding treatment needed here?","return",156,1.0,/Users/yonekuramiki/Desktop/resarch/searchSATD-underCode/clone/src/main/org/apache/tools/ant/types/resources/StringResource.java
"//quick & dirty, to make nested mapped p-sets work:","for (Enumeration e = setRefs.elements(); e.hasMoreElements();) {",287,1.0,/Users/yonekuramiki/Desktop/resarch/searchSATD-underCode/clone/src/main/org/apache/tools/ant/types/PropertySet.java
"// XXX is this code still necessary? is there any 1.2+ port? // Pull in *.zip from packages directory","FileSet msZipFiles = new FileSet();",587,0.7424242424242424,/Users/yonekuramiki/Desktop/resarch/searchSATD-underCode/clone/src/main/org/apache/tools/ant/types/Path.java
"// only: the developer knows what (s)he is doing","result.addExisting(p, true);",542,1.0,/Users/yonekuramiki/Desktop/resarch/searchSATD-underCode/clone/src/main/org/apache/tools/ant/types/Path.java
"// XXX Unfortunately JDK1.2 adds entrySet(), keySet(), values() - // implementing this requires a small hack, we can add it later.","None",None,None,None
"// first: developer could use a little help","result.addExisting(p, true);",546,1.0,/Users/yonekuramiki/Desktop/resarch/searchSATD-underCode/clone/src/main/org/apache/tools/ant/types/Path.java
"// XXX     should we silently catch possible exceptions and try to //         load a different implementation?","Throwable cause = null;",70,0.7703703703703704,/Users/yonekuramiki/Desktop/resarch/searchSATD-underCode/clone/src/main/org/apache/tools/ant/util/regexp/RegexpMatcherFactory.java
"// since Java 1.4 //return normalizedPath.split("/"); // workaround for Java 1.2-1.3","Object[] tokens = StringUtils.split(normalizedPath, '/').toArray();",1456,0.3181818181818182,/Users/yonekuramiki/Desktop/resarch/searchSATD-underCode/clone/src/main/org/apache/tools/ant/util/FileUtils.java
"// HAMMER // end inline mainGTU","fmap[j] = v;",1578,0.8181818181818182,/Users/yonekuramiki/Desktop/resarch/searchSATD-underCode/clone/src/main/org/apache/tools/bzip2/CBZip2OutputStream.java
""/**     * This array really shouldn't be here.     * Again, for historical purposes it is.     *     * <p>FIXME: This array should be in a private or package private     * location, since it could be modified by malicious code.</p>     */"","int[] rNums = {",49,0.3047619047619048,/Users/yonekuramiki/Desktop/resarch/searchSATD-underCode/clone/src/main/org/apache/tools/bzip2/BZip2Constants.java
"// Should move to a separate public class - and have API to add // listeners, etc.","private static class AntRefTable extends Hashtable {",2312,0.8620689655172413,/Users/yonekuramiki/Desktop/resarch/searchSATD-underCode/clone/src/main/org/apache/tools/ant/Project.java
"// "" should become a single empty argument, same for '' // PR 5906","s = Commandline.translateCommandline("\"\" a");",81,0.92,/Users/yonekuramiki/Desktop/resarch/searchSATD-underCode/clone/src/tests/junit/org/apache/tools/ant/types/CommandlineTest.java
"// not very nice but will do the job","fail("process interrupted in thread");",133,1.0,/Users/yonekuramiki/Desktop/resarch/searchSATD-underCode/clone/src/tests/junit/org/apache/tools/ant/taskdefs/ExecuteWatchdogTest.java
"// provide public visibility","public String resolveFile(String file) {",781,1.0,/Users/yonekuramiki/Desktop/resarch/searchSATD-underCode/clone/src/tests/junit/org/apache/tools/ant/taskdefs/optional/net/FTPTest.java
"// not used, but public so theoretically must remain for BC?","public void assertEqualContent(File expect, File result)",190,1.0,/Users/yonekuramiki/Desktop/resarch/searchSATD-underCode/clone/src/tests/junit/org/apache/tools/ant/taskdefs/FixCrLfTest.java
"// super.validateAttributes(); // don't want to call this method","if (propertyFile != null) {",476,0.5454545454545454,/Users/yonekuramiki/Desktop/resarch/searchSATD-underCode/clone/src/main/org/apache/tools/ant/taskdefs/Replace.java
"// XXX what is this for?","}",103,0.7916666666666666,/Users/yonekuramiki/Desktop/resarch/searchSATD-underCode/clone/src/tests/junit/org/apache/tools/ant/taskdefs/InputTest.java
"// We keep this, so we have something to delete in later tests :-)","}",61,1.0,/Users/yonekuramiki/Desktop/resarch/searchSATD-underCode/clone/src/tests/junit/org/apache/tools/ant/taskdefs/CopydirTest.java
"// *************  copied from ConcatTest  *************","// ------------------------------------------------------",178,1.0,/Users/yonekuramiki/Desktop/resarch/searchSATD-underCode/clone/src/tests/junit/org/apache/tools/ant/taskdefs/StyleTest.java
"// not sure whether this is clean, but this method is // declared not to throw exceptions.","throw new IllegalStateException("Could not convert URI to path: "",216,0.7350427350427351,/Users/yonekuramiki/Desktop/resarch/searchSATD-underCode/clone/src/main/org/apache/tools/ant/launch/Locator.java
"// We just set the prefix for this fileset, and pass it up. // Do we need to do this? LH","fs.setPrefix("META-INF/");",360,0.8173913043478261,/Users/yonekuramiki/Desktop/resarch/searchSATD-underCode/clone/src/main/org/apache/tools/ant/taskdefs/Jar.java
"//why do we do nothing?","/**",184,1.0,/Users/yonekuramiki/Desktop/resarch/searchSATD-underCode/clone/src/main/org/apache/tools/ant/taskdefs/optional/ssh/SSHUserInfo.java
"// // We have to deal with assembly!!! // The programmer can be writing little 32 byte chunks for all // we know, and we must assemble complete records for writing. // REVIEW Maybe this should be in TarBuffer? Could that help to // eliminate some of the buffer copying. //","too long.",0,0,0
"// This is the new, better way - use classespath instead // of sourcespath.  The code is currently the same - you // need class files in a directory to use this or jar files.","String[] cP = getClassespath().list();",474,0.4972972972972973,/Users/yonekuramiki/Desktop/resarch/searchSATD-underCode/clone/src/main/org/apache/tools/ant/taskdefs/optional/jdepend/JDependTask.java
"// XXX - why not simply new File(dir, filename)?","File file = getProject().resolveFile(new File(dir, filename).getPath());",1967,1.0,/Users/yonekuramiki/Desktop/resarch/searchSATD-underCode/clone/src/main/org/apache/tools/ant/taskdefs/optional/net/FTP.java
"// This is ugly; checking for the root folder.","Folder f = v.getRootFolder();",324,1.0,/Users/yonekuramiki/Desktop/resarch/searchSATD-underCode/clone/src/main/org/apache/tools/ant/taskdefs/optional/scm/AntStarTeamCheckOut.java
"//TODO: Parameterise ?? //Call compiler as class... dont want to fork again //Use classic compiler -- can be parameterised?","args[j++] =  "-compilerclass";",155,0.581081081081081,/Users/yonekuramiki/Desktop/resarch/searchSATD-underCode/clone/src/main/org/apache/tools/ant/taskdefs/optional/jsp/WLJspc.java
"//XXX // All this to get package according to weblogic standards // Can be written better... this is too hacky! // Careful.. similar code in scanDir , but slightly different!!","String filename = (String) filesToDo.elementAt(i);",170,0.5025641025641026,/Users/yonekuramiki/Desktop/resarch/searchSATD-underCode/clone/src/main/org/apache/tools/ant/taskdefs/optional/jsp/WLJspc.java
"//stolen from writeManifest","super.zipFile(service.getAsStream(), zOut,",398,1.0,/Users/yonekuramiki/Desktop/resarch/searchSATD-underCode/clone/src/main/org/apache/tools/ant/taskdefs/Jar.java
""/* If the jarfile already exists then whack it and recreate it.             * Should probably think of a more elegant way to handle this             * so that in case of errors we don't leave people worse off             * than when we started =)             */"","if (jarfile.exists()) {",774,0.4642857142857143,/Users/yonekuramiki/Desktop/resarch/searchSATD-underCode/clone/src/main/org/apache/tools/ant/taskdefs/optional/ejb/GenericDeploymentTool.java
"// XXX is the following really necessary? it is in the same thread group...","project.registerThreadTask(thread, currentThreadTask);",157,1.0,/Users/yonekuramiki/Desktop/resarch/searchSATD-underCode/clone/src/main/org/apache/tools/ant/taskdefs/ExecuteJava.java
"// we have to find a cleaner way to put this output","}",610,1.0,/Users/yonekuramiki/Desktop/resarch/searchSATD-underCode/clone/src/main/org/apache/tools/ant/taskdefs/optional/jdepend/JDependTask.java
"// This is the old way and is deprecated - classespath is // the right way to do this and is above","String[] sP = getSourcespath().list();",503,0.7479674796747967,/Users/yonekuramiki/Desktop/resarch/searchSATD-underCode/clone/src/main/org/apache/tools/ant/taskdefs/optional/jdepend/JDependTask.java
"// For Script example that modifies id'ed tasks in other // targets to work. *very* Ugly // The reference is replaced by RuntimeConfigurable","this.getOwningTarget().replaceChild(this, (Task)realThing);",153,0.5521472392638037,/Users/yonekuramiki/Desktop/resarch/searchSATD-underCode/clone/proposal/embed/src/java/org/apache/tools/ant/UnknownElement2.java
"// don't call super.close() because that reader is used // on other places ...","if (appendReader != null) {",114,0.8392857142857143,/Users/yonekuramiki/Desktop/resarch/searchSATD-underCode/clone/src/main/org/apache/tools/ant/filters/ConcatFilter.java
"// report error if something weird happens...this is diagnostic.","if (error != null) {",435,1.0,/Users/yonekuramiki/Desktop/resarch/searchSATD-underCode/clone/src/main/org/apache/tools/ant/Diagnostics.java
"// sorry - otherwise we will get a ClassCastException because the MockCache // is loaded by two different classloader ...","sel.setClassLoader(this.getClass().getClassLoader());",256,0.7710843373493976,/Users/yonekuramiki/Desktop/resarch/searchSATD-underCode/clone/src/tests/junit/org/apache/tools/ant/types/selectors/ModifiedSelectorTest.java
"// ***HACK*** We ask the VM to create an instance // by voluntarily providing illegal arguments to force // the VM to run the class' static initializer, while // at the same time not running a valid constructor.","final Constructor[] cons = theClass.getDeclaredConstructors();",583,0.37383177570093457,/Users/yonekuramiki/Desktop/resarch/searchSATD-underCode/clone/src/main/org/apache/tools/ant/AntClassLoader.java
"// Singleton for now, it may change ( per/classloader )","return singleton;",99,1.0,/Users/yonekuramiki/Desktop/resarch/searchSATD-underCode/clone/proposal/embed/src/java/org/apache/tools/ant/ProjectComponentHelper.java
"// XXX - shouldn't this always return false in isolated mode?","boolean useParentFirst = parentFirst;",851,1.0,/Users/yonekuramiki/Desktop/resarch/searchSATD-underCode/clone/src/main/org/apache/tools/ant/AntClassLoader.java
"//TO DO : delete the file if it is not a valid file.","String msg = "Exception while calling " + VERIFY + " Details: "",349,1.0,/Users/yonekuramiki/Desktop/resarch/searchSATD-underCode/clone/src/main/org/apache/tools/ant/taskdefs/optional/ejb/BorlandDeploymentTool.java
""/** * TODO: * comment field doesn't include all options yet */"","* Performs a ClearCase Unlock command.",28,0.8602150537634409,/Users/yonekuramiki/Desktop/resarch/searchSATD-underCode/clone/src/main/org/apache/tools/ant/taskdefs/optional/clearcase/CCUnlock.java
""/**     * This method checks the timestamp on each file listed in the <code>     * ejbFiles</code> and compares them to the timestamp on the <code>jarFile     * </code>.  If the <code>jarFile</code>'s timestamp is more recent than     * each EJB file, <code>true</code> is returned.  Otherwise, <code>false     * </code> is returned.     * TODO: find a way to check the manifest-file, that is found by naming convention     *     * @param ejbFiles Hashtable of EJB classes (and other) files that will be     *                 added to the completed JAR file     * @param jarFile  JAR file which will contain all of the EJB classes (and     *                 other) files     * @return         boolean indicating whether or not the <code>jarFile</code>     *                 is up to date     */"","too long.",0,0,0
"// Have to think about lazy initialization here...  JHM // comparator = new java.text.RuleBasedCollator();","} else {",363,0.6666666666666666,/Users/yonekuramiki/Desktop/resarch/searchSATD-underCode/clone/src/main/org/apache/tools/ant/types/selectors/modifiedselector/ModifiedSelector.java
"//TODO no methods yet for getClassname //TODO no method for newInstance using a reverse-classloader","None",None,None,None
""/*     * The displayName variable stores the value of the ""display-name"" element     * from the standard EJB descriptor.  As a future enhancement to this task,     * we may determine the name of the EJB JAR file using this display-name,     * but this has not be implemented yet.     */"","too long.",0,0,0
""/** * An output stream that compresses into the BZip2 format (without the file * header chars) into another stream. * <p>The compression requires large amounts of memory. Thus you * should call the {@link #close() close()} method as soon as * possible, to force <tt>CBZip2OutputStream</tt> to release the * allocated memory.</p> * * <p>You can shrink the amount of allocated memory and maybe raise * the compression speed by choosing a lower blocksize, which in turn * may cause a lower compression ratio.  You can avoid unnecessary * memory allocation by avoiding using a blocksize which is bigger * than the size of the input. </p> * * <p>You can compute the memory usage for compressing by the * following formula:</p> * <pre> * <code>400k + (9 * blocksize)</code>. * </pre> *  * <p>To get the memory required for decompression by {@link * CBZip2InputStream CBZip2InputStream} use</p> * <pre> * <code>65k + (5 * blocksize)</code>. * </pre> * * <table width=""100%"" border=""1""> *  <colgroup> *    <col width=""33%"" /> *    <col width=""33%"" /> *    <col width=""33%"" /> *  </colgroup> *  <tr> *    <th colspan=""3"">Memory usage by blocksize</th> *  </tr><tr> *    <th align=""right"">Blocksize</th> *    <th align=""right"">Compression<br>memory usage</th> *    <th align=""right"">Decompression<br>memory usage</th> *  </tr><tr> *    <td align=""right"">100k</td> *    <td align=""right"">1300k</td> *    <td align=""right""> 565k</td> *  </tr><tr> *    <td align=""right"">200k</td> *    <td align=""right"">2200k</td> *    <td align=""right"">1065k</td> *  </tr><tr> *    <td align=""right"">300k</td> *    <td align=""right"">3100k</td> *    <td align=""right"">1565k</td> *  </tr><tr> *    <td align=""right"">400k</td> *    <td align=""right"">4000k</td> *    <td align=""right"">2065k</td> *  </tr><tr> *    <td align=""right"">500k</td> *    <td align=""right"">4900k</td> *    <td align=""right"">2565k</td> *  </tr><tr> *    <td align=""right"">600k</td> *    <td align=""right"">5800k</td> *    <td align=""right"">3065k</td> *  </tr><tr> *    <td align=""right"">700k</td> *    <td align=""right"">6700k</td> *    <td align=""right"">3565k</td> *  </tr><tr> *    <td align=""right"">800k</td> *    <td align=""right"">7600k</td> *    <td align=""right"">4065k</td> *  </tr><tr> *    <td align=""right"">900k</td> *    <td align=""right"">8500k</td> *    <td align=""right"">4565k</td> *  </tr> * </table> * * <p>For decompression <tt>CBZip2InputStream</tt> allocates less * memory if the bzipped input is smaller than one block.</p> * * <p>Instances of this class are not threadsafe.</p> * * <p> * TODO:    Update to BZip2 1.0.1 * </p> * */"","too long.",0,0,0
"// XXX - log an error?  throw an exception?","}",308,1.0,/Users/yonekuramiki/Desktop/resarch/searchSATD-underCode/clone/src/main/org/apache/tools/ant/taskdefs/Jar.java
"// TODO: allow user to request the system or no parent","if (parent == null) {",198,1.0,/Users/yonekuramiki/Desktop/resarch/searchSATD-underCode/clone/src/main/org/apache/tools/ant/taskdefs/Classloader.java
"//if there was any text before this, add it as a fragment //TODO, this check could be modified to go if pos>prev; //seems like this current version could stick empty strings //into the list","if (pos > 0) {",578,0.45544554455445546,/Users/yonekuramiki/Desktop/resarch/searchSATD-underCode/clone/proposal/embed/src/java/org/apache/tools/ant/PropertyHelper.java
"// XXX add exceptions","} catch (Exception ex) {",235,1.0,/Users/yonekuramiki/Desktop/resarch/searchSATD-underCode/clone/src/main/org/apache/tools/ant/taskdefs/Classloader.java
"// test a process that runs and failed","public void testFailed() throws Exception {",114,1.0,/Users/yonekuramiki/Desktop/resarch/searchSATD-underCode/clone/src/tests/junit/org/apache/tools/ant/taskdefs/ExecuteWatchdogTest.java
"// ignore","}",238,0.8,/Users/yonekuramiki/Desktop/resarch/searchSATD-underCode/clone/proposal/embed/src/java/org/apache/tools/ant/helper/ProjectHelperImpl2.java
"// process should abort","watchdog.start(process);",116,0.5714285714285714,/Users/yonekuramiki/Desktop/resarch/searchSATD-underCode/clone/src/tests/junit/org/apache/tools/ant/taskdefs/ExecuteWatchdogTest.java
"// user:password@host:/path notation","setUsername(uri.substring(0, indexOfColon));",316,1.0,/Users/yonekuramiki/Desktop/resarch/searchSATD-underCode/clone/src/main/org/apache/tools/ant/taskdefs/optional/ssh/Scp.java
""/*          * @param event the build event that is being logged.         */"","public void messageLogged(BuildEvent event) {",573,0.9347826086956522,/Users/yonekuramiki/Desktop/resarch/searchSATD-underCode/clone/src/tests/junit/org/apache/tools/ant/taskdefs/optional/net/FTPTest.java
"// only track progress for files larger than 100kb in verbose mode","boolean trackProgress = getVerbose() && filesize > 102400;",209,1.0,/Users/yonekuramiki/Desktop/resarch/searchSATD-underCode/clone/src/main/org/apache/tools/ant/taskdefs/optional/ssh/ScpFromMessage.java
"// Element doesn't handle text content","if (text.length() == 0) {",435,1.0,/Users/yonekuramiki/Desktop/resarch/searchSATD-underCode/clone/src/main/org/apache/tools/ant/IntrospectionHelper.java
"// send "C0644 filesize filename", where filename should not include '/'","long filesize = localFile.length();",218,1.0,/Users/yonekuramiki/Desktop/resarch/searchSATD-underCode/clone/src/main/org/apache/tools/ant/taskdefs/optional/ssh/ScpToMessage.java
"// ClearCase items","if (getReserved()) {",180,1.0,/Users/yonekuramiki/Desktop/resarch/searchSATD-underCode/clone/src/main/org/apache/tools/ant/taskdefs/optional/clearcase/CCCheckout.java
"/* Assign actual codes for the tables. */","sendMTFValues3(nGroups, alphaSize);",971,1.0,/Users/yonekuramiki/Desktop/resarch/searchSATD-underCode/clone/src/main/org/apache/tools/bzip2/CBZip2OutputStream.java
"// -reserved","cmd.createArgument().setValue(FLAG_RESERVED);",182,1.0,/Users/yonekuramiki/Desktop/resarch/searchSATD-underCode/clone/src/main/org/apache/tools/ant/taskdefs/optional/clearcase/CCCheckout.java
"/* size of the central directory   */","/* offset of start of central      */",350,0.9666666666666667,/Users/yonekuramiki/Desktop/resarch/searchSATD-underCode/clone/src/main/org/apache/tools/zip/ZipFile.java
"// gcj doesn't support an extension dir (-extdir) // so we'll emulate it for compatibility and convenience.","Path p = getBootClassPath();",46,0.7,/Users/yonekuramiki/Desktop/resarch/searchSATD-underCode/clone/src/main/org/apache/tools/ant/taskdefs/compilers/Jvc.java
"// At this point we are probably in failure mode, but // try to use the bare URI as a last gasp","source.setInputSource(new InputSource(uri));",444,0.7350427350427351,/Users/yonekuramiki/Desktop/resarch/searchSATD-underCode/clone/src/main/org/apache/tools/ant/types/XMLCatalog.java
"// -unreserved","cmd.createArgument().setValue(FLAG_UNRESERVED);",185,1.0,/Users/yonekuramiki/Desktop/resarch/searchSATD-underCode/clone/src/main/org/apache/tools/ant/taskdefs/optional/clearcase/CCCheckout.java
"// DataType can have a "no arg" constructor or take a single // Project argument.","ctor = newclass.getConstructor(new Class[0]);",300,0.8448275862068966,/Users/yonekuramiki/Desktop/resarch/searchSATD-underCode/clone/src/main/org/apache/tools/ant/AntTypeDefinition.java
"// -out","getOutCommand(cmd);",190,1.0,/Users/yonekuramiki/Desktop/resarch/searchSATD-underCode/clone/src/main/org/apache/tools/ant/taskdefs/optional/clearcase/CCCheckout.java
"// b may be 0 for success, //          1 for error, //          2 for fatal error,","if (b == -1) {",114,0.5797101449275363,/Users/yonekuramiki/Desktop/resarch/searchSATD-underCode/clone/src/main/org/apache/tools/ant/taskdefs/optional/ssh/AbstractSshMessage.java
"// Not whitespace - fail","String msg = project.getElementName(element)",440,1.0,/Users/yonekuramiki/Desktop/resarch/searchSATD-underCode/clone/src/main/org/apache/tools/ant/IntrospectionHelper.java
"// Fall tru","}",535,1.0,/Users/yonekuramiki/Desktop/resarch/searchSATD-underCode/clone/src/main/org/apache/tools/ant/filters/FixCrLfFilter.java
"// -ndata","cmd.createArgument().setValue(FLAG_NODATA);",194,1.0,/Users/yonekuramiki/Desktop/resarch/searchSATD-underCode/clone/src/main/org/apache/tools/ant/taskdefs/optional/clearcase/CCCheckout.java
"// C0644 filesize filename - header for a regular file // T time 0 time 0\n - present if perserve time. // D directory - this is the header for a directory.","ByteArrayOutputStream stream = new ByteArrayOutputStream();",130,0.5294117647058824,/Users/yonekuramiki/Desktop/resarch/searchSATD-underCode/clone/src/main/org/apache/tools/ant/taskdefs/optional/ssh/ScpFromMessage.java
"// -version","cmd.createArgument().setValue(FLAG_VERSION);",205,1.0,/Users/yonekuramiki/Desktop/resarch/searchSATD-underCode/clone/src/main/org/apache/tools/ant/taskdefs/optional/clearcase/CCCheckout.java
"//wince isn't really 9x, but crippled enough to //be a muchness. Ant doesnt run on CE, anyway.","|| OS_NAME.indexOf("ce") >= 0);",261,0.6779661016949152,/Users/yonekuramiki/Desktop/resarch/searchSATD-underCode/clone/src/main/org/apache/tools/ant/taskdefs/condition/Os.java
"// -nwarn","cmd.createArgument().setValue(FLAG_NOWARN);",212,1.0,/Users/yonekuramiki/Desktop/resarch/searchSATD-underCode/clone/src/main/org/apache/tools/ant/taskdefs/optional/clearcase/CCCheckout.java
"// if a label has been supplied and it is a revision label, use the raw // the view as the snapshot","} else if (this.isUsingRevisionLabel()) {",226,0.835820895522388,/Users/yonekuramiki/Desktop/resarch/searchSATD-underCode/clone/src/main/org/apache/tools/ant/taskdefs/optional/starteam/StarTeamCheckout.java
"// Class doesn't have a String constructor but a decent factory method","} else if (java.lang.Class.class.equals(reflectedArg)) {",976,1.0,/Users/yonekuramiki/Desktop/resarch/searchSATD-underCode/clone/src/main/org/apache/tools/ant/IntrospectionHelper.java
"/* total number of entries in      */","/* the central dir on this disk    */ + 2",346,1.0,/Users/yonekuramiki/Desktop/resarch/searchSATD-underCode/clone/src/main/org/apache/tools/zip/ZipFile.java
"// Check for \r, \r\n and \r\r\n // Regard \r\r not followed by \n as two lines","++eolcount;",445,0.5842696629213483,/Users/yonekuramiki/Desktop/resarch/searchSATD-underCode/clone/src/main/org/apache/tools/ant/taskdefs/FixCRLF.java
"// // Success!  The xml-commons resolver library is // available, so use it. //","catalogResolver = new ExternalResolver(clazz, obj);",511,0.7735849056603774,/Users/yonekuramiki/Desktop/resarch/searchSATD-underCode/clone/src/main/org/apache/tools/ant/types/XMLCatalog.java
"// it is a new file // set the revision but not the prevrevision","String filename = line.substring(0, index);",293,0.4307692307692308,/Users/yonekuramiki/Desktop/resarch/searchSATD-underCode/clone/src/main/org/apache/tools/ant/taskdefs/cvslib/CvsTagDiff.java
"//catch script/ant mismatch with a meaningful message //we could ignore it, but there are likely to be other //version problems, so we stamp down on the configuration now","String msg = "Ant's Main method is being handed "",447,0.49473684210526314,/Users/yonekuramiki/Desktop/resarch/searchSATD-underCode/clone/src/main/org/apache/tools/ant/Main.java
"// don't know the type, should throw exception instead?","return false;",81,1.0,/Users/yonekuramiki/Desktop/resarch/searchSATD-underCode/clone/src/main/org/apache/tools/ant/taskdefs/condition/IsReference.java
"// char and Character get special treatment - take the first character","} else if (java.lang.Character.class.equals(reflectedArg)) {",952,1.0,/Users/yonekuramiki/Desktop/resarch/searchSATD-underCode/clone/src/main/org/apache/tools/ant/IntrospectionHelper.java
"// do nothing","}",90,1.0,/Users/yonekuramiki/Desktop/resarch/searchSATD-underCode/clone/src/tests/junit/org/apache/tools/ant/taskdefs/optional/net/FTPTest.java
"// scan base dirs to build up compile lists only if a // specific classname is not given","if (classname == null) {",522,0.7433628318584071,/Users/yonekuramiki/Desktop/resarch/searchSATD-underCode/clone/src/main/org/apache/tools/ant/taskdefs/Rmic.java
"// write a Properties file in each directory:","for (Iterator dirs = byDir.keySet().iterator(); dirs.hasNext();) {",261,1.0,/Users/yonekuramiki/Desktop/resarch/searchSATD-underCode/clone/src/main/org/apache/tools/ant/taskdefs/optional/unix/Symlink.java
"// **   simple name specified   == parent dir + name","while (searchParents && parent != null && parent.exists()) {",368,1.0,/Users/yonekuramiki/Desktop/resarch/searchSATD-underCode/clone/src/main/org/apache/tools/ant/taskdefs/Available.java
"// requires version 2 as we are going to store length info // in the data descriptor","writeOut(ZipShort.getBytes(20));",598,0.8173913043478261,/Users/yonekuramiki/Desktop/resarch/searchSATD-underCode/clone/src/main/org/apache/tools/zip/ZipOutputStream.java
"// the test runner that wrap the dummy formatter that interests us","private final static class TestRunner extends JUnitTestRunner {",93,1.0,/Users/yonekuramiki/Desktop/resarch/searchSATD-underCode/clone/src/tests/junit/org/apache/tools/ant/taskdefs/optional/junit/JUnitTestRunnerTest.java
"// CheckStyle:VisibilityModifier OFF - bc","/** The base directory to be scanned. */",189,1.0,/Users/yonekuramiki/Desktop/resarch/searchSATD-underCode/clone/src/main/org/apache/tools/ant/DirectoryScanner.java
"// First try with Project.","c = reflectedArg.getConstructor(new Class[] {Project.class, String.class});",1041,1.0,/Users/yonekuramiki/Desktop/resarch/searchSATD-underCode/clone/src/main/org/apache/tools/ant/IntrospectionHelper.java
"// // The ResourceLocation may specify a relative path for its // location attribute.  This is resolved using the appropriate // base. //","if (matchingEntry.getBase() != null) {",625,0.6097560975609756,/Users/yonekuramiki/Desktop/resarch/searchSATD-underCode/clone/src/main/org/apache/tools/ant/types/XMLCatalog.java
"// Can return null to represent the bootstrap class loader. // see API docs of Class.getClassLoader.","if (l != null) {",446,0.7407407407407407,/Users/yonekuramiki/Desktop/resarch/searchSATD-underCode/clone/src/main/org/apache/tools/ant/taskdefs/Available.java
"/* start of the central directory  */","/* total number of entries in      */",345,0.967741935483871,/Users/yonekuramiki/Desktop/resarch/searchSATD-underCode/clone/src/main/org/apache/tools/zip/ZipFile.java
"//private static final int GET_ENTRY = 0;","private static final int GET_FILE = 1;",33,1.0,/Users/yonekuramiki/Desktop/resarch/searchSATD-underCode/clone/src/main/org/apache/tools/ant/taskdefs/cvslib/ChangeLogParser.java
"// file comment","String comm = ze.getComment();",728,0.8125,/Users/yonekuramiki/Desktop/resarch/searchSATD-underCode/clone/src/main/org/apache/tools/zip/ZipOutputStream.java
"//There were no revisions in this changelog //entry so lets move onto next file","status = GET_FILE;",167,0.7184466019417476,/Users/yonekuramiki/Desktop/resarch/searchSATD-underCode/clone/src/main/org/apache/tools/ant/taskdefs/cvslib/ChangeLogParser.java
"//same date if dest timestamp is within granularity of the srcfile","boolean sameDate;",92,1.0,/Users/yonekuramiki/Desktop/resarch/searchSATD-underCode/clone/src/main/org/apache/tools/ant/types/selectors/DifferentSelector.java
"// must be "add"","c.setValue("crlf");",192,1.0,/Users/yonekuramiki/Desktop/resarch/searchSATD-underCode/clone/src/main/org/apache/tools/ant/taskdefs/FixCRLF.java
"// ---------------------------------------------------------- // somewhat arbitrary choices that are quite common for shared // installations // -----------------------------------------------------------","//   Helper methods",209,0.45714285714285713,/Users/yonekuramiki/Desktop/resarch/searchSATD-underCode/clone/src/tests/junit/org/apache/tools/ant/filters/TokenFilterTest.java
"// EnumeratedAttributes have their own helper class","} else if (EnumeratedAttribute.class.isAssignableFrom(reflectedArg)) {",996,1.0,/Users/yonekuramiki/Desktop/resarch/searchSATD-underCode/clone/src/main/org/apache/tools/ant/IntrospectionHelper.java
"// selectors are implicitly ANDed in DirectoryScanner.  To // revert their logic we wrap them into a <none> selector // instead.","FileSelector[] s = syncTarget.getSelectors(getProject());",184,0.6369426751592356,/Users/yonekuramiki/Desktop/resarch/searchSATD-underCode/clone/src/main/org/apache/tools/ant/taskdefs/Sync.java
"// first off, make sure that we've got a srcdir and destdir","validate();",281,1.0,/Users/yonekuramiki/Desktop/resarch/searchSATD-underCode/clone/src/main/org/apache/tools/ant/taskdefs/FixCRLF.java
"// ZIPs store time with a granularity of 2 seconds, round up","ze.setTime(dir.lastModified() + (roundUp ? 1999 : 0));",1371,1.0,/Users/yonekuramiki/Desktop/resarch/searchSATD-underCode/clone/src/main/org/apache/tools/ant/taskdefs/Zip.java
"// viewpath","cmdl.createArgument().setValue(getViewPath());",167,1.0,/Users/yonekuramiki/Desktop/resarch/searchSATD-underCode/clone/src/main/org/apache/tools/ant/taskdefs/optional/clearcase/CCCheckout.java
"// ------------------------------------------------------ //   Helper methods - should be in BuildFileTest // -----------------------------------------------------","private boolean hasScript(String test) {",209,0.5436893203883495,/Users/yonekuramiki/Desktop/resarch/searchSATD-underCode/clone/src/tests/junit/org/apache/tools/ant/filters/TokenFilterTest.java
"// build the command line from what we got the format is // cleartool lsco [options...] [viewpath ...] // as specified in the CLEARTOOL.EXE help","Commandline commandLine = new Commandline();",156,0.5454545454545454,/Users/yonekuramiki/Desktop/resarch/searchSATD-underCode/clone/src/main/org/apache/tools/ant/taskdefs/optional/pvcs/Pvcs.java
"// Check if list of files to check has been specified","if (!filesets.isEmpty()) {",238,1.0,/Users/yonekuramiki/Desktop/resarch/searchSATD-underCode/clone/src/main/org/apache/tools/ant/taskdefs/cvslib/ChangeLogTask.java
"// testNoCrash is the test invoked by the captureToSummary's junit task","private static final String PASS_TEST = "testNoCrash";",29,1.0,/Users/yonekuramiki/Desktop/resarch/searchSATD-underCode/clone/src/tests/junit/org/apache/tools/ant/taskdefs/optional/junit/JUnitTestListenerTest.java
"// if the two substrings are longer than the original, then name // contains address - so reset the name to null","if (this.name.length() + this.address.length() > len) {",108,0.7361111111111112,/Users/yonekuramiki/Desktop/resarch/searchSATD-underCode/clone/src/main/org/apache/tools/ant/taskdefs/email/EmailAddress.java
"//default","// if this class belongs to a package which has been",846,0.391304347826087,/Users/yonekuramiki/Desktop/resarch/searchSATD-underCode/clone/src/main/org/apache/tools/ant/AntClassLoader.java
"// log options used","String enc = encoding == null ? "default" : encoding;",284,1.0,/Users/yonekuramiki/Desktop/resarch/searchSATD-underCode/clone/src/main/org/apache/tools/ant/taskdefs/FixCRLF.java
"// dummy formatter just to catch the error","private final static class ResultFormatter implements JUnitResultFormatter {",108,1.0,/Users/yonekuramiki/Desktop/resarch/searchSATD-underCode/clone/src/tests/junit/org/apache/tools/ant/taskdefs/optional/junit/JUnitTestRunnerTest.java
"// we don't expect to find this","loader.findClass("fubar");",71,1.0,/Users/yonekuramiki/Desktop/resarch/searchSATD-underCode/clone/src/tests/junit/org/apache/tools/ant/AntClassLoaderTest.java
"// resolve relative paths through Project","} else if (java.io.File.class.equals(reflectedArg)) {",988,1.0,/Users/yonekuramiki/Desktop/resarch/searchSATD-underCode/clone/src/main/org/apache/tools/ant/IntrospectionHelper.java
"//patch file into the fileset","fileset.setFile(file);",309,1.0,/Users/yonekuramiki/Desktop/resarch/searchSATD-underCode/clone/src/main/org/apache/tools/ant/taskdefs/FixCRLF.java
"// type value","getTypeValueCommand(cmd);",178,1.0,/Users/yonekuramiki/Desktop/resarch/searchSATD-underCode/clone/src/main/org/apache/tools/ant/taskdefs/optional/clearcase/CCMkattr.java
"// bit3 set to signal, we use a data descriptor","writeOut(ZipShort.getBytes(8));",602,1.0,/Users/yonekuramiki/Desktop/resarch/searchSATD-underCode/clone/src/main/org/apache/tools/zip/ZipOutputStream.java
"//underscores go in front of invalid start chars","assertMapped(mangler, "0.jsp", "_0_jsp");",203,1.0,/Users/yonekuramiki/Desktop/resarch/searchSATD-underCode/clone/src/tests/junit/org/apache/tools/ant/taskdefs/optional/JspcTest.java
"// use to scan own archive","private ZipScanner zs;",72,1.0,/Users/yonekuramiki/Desktop/resarch/searchSATD-underCode/clone/src/main/org/apache/tools/ant/taskdefs/Zip.java
""/** * Tests the {@link XSLTProcess} task. * XXX merge with {@link StyleTest}? * @since Ant 1.5 */"","public void setLoaderRef(Reference r) {",136,0.2736842105263158,/Users/yonekuramiki/Desktop/resarch/searchSATD-underCode/clone/proposal/embed/src/java/org/apache/tools/ant/taskdefs/Taskdef2.java
"// it is a modified file // set the revision and the prevrevision","String filename = line.substring(0, index);",305,0.5277777777777778,/Users/yonekuramiki/Desktop/resarch/searchSATD-underCode/clone/src/main/org/apache/tools/ant/taskdefs/cvslib/CvsTagDiff.java
""/*             * throw in drive letters             */"","String driveSpec = "C:";",73,0.8695652173913043,/Users/yonekuramiki/Desktop/resarch/searchSATD-underCode/clone/src/tests/junit/org/apache/tools/ant/ProjectTest.java
"//set our parent dir","srcDir = file.getParentFile();",311,1.0,/Users/yonekuramiki/Desktop/resarch/searchSATD-underCode/clone/src/main/org/apache/tools/ant/taskdefs/FixCRLF.java
""/*             * promised to eliminate consecutive slashes after drive letter.             */"","assertEqualsIgnoreDriveCase(driveSpec + "\\",",87,0.9482758620689655,/Users/yonekuramiki/Desktop/resarch/searchSATD-underCode/clone/src/tests/junit/org/apache/tools/ant/ProjectTest.java
"// -cfile","getCommentFileCommand(cmd);",221,1.0,/Users/yonekuramiki/Desktop/resarch/searchSATD-underCode/clone/src/main/org/apache/tools/ant/taskdefs/optional/clearcase/CCCheckout.java
"// avoid multiple configurations","boolean isConfigured = false;",266,1.0,/Users/yonekuramiki/Desktop/resarch/searchSATD-underCode/clone/src/tests/junit/org/apache/tools/ant/ProjectTest.java
"/** Version to use for addXXX and addConfiguredXXX */","private class AddNestedCreator extends NestedCreator {",1279,1.0,/Users/yonekuramiki/Desktop/resarch/searchSATD-underCode/clone/src/main/org/apache/tools/ant/IntrospectionHelper.java
"// Compare the destination with the temp file","log("destFile exists", Project.MSG_DEBUG);",355,1.0,/Users/yonekuramiki/Desktop/resarch/searchSATD-underCode/clone/src/main/org/apache/tools/ant/taskdefs/FixCRLF.java
"// SMTP auth only allowed with MIME mail","if (!autoFound && ((user != null) || (password != null))",429,1.0,/Users/yonekuramiki/Desktop/resarch/searchSATD-underCode/clone/src/main/org/apache/tools/ant/taskdefs/email/EmailTask.java
"// All three specified and all three exist -> true","public void test10() {",87,1.0,/Users/yonekuramiki/Desktop/resarch/searchSATD-underCode/clone/src/tests/junit/org/apache/tools/ant/taskdefs/AvailableTest.java
"// an address to send from is required","if (from == null || from.getAddress() == null) {",472,1.0,/Users/yonekuramiki/Desktop/resarch/searchSATD-underCode/clone/src/main/org/apache/tools/ant/taskdefs/email/EmailTask.java
"// File is not found in specified filepath","public void testSearchInPathNotThere() {",188,1.0,/Users/yonekuramiki/Desktop/resarch/searchSATD-underCode/clone/src/tests/junit/org/apache/tools/ant/taskdefs/AvailableTest.java
"// set the character set if not done already (and required)","if (charset != null) {",489,1.0,/Users/yonekuramiki/Desktop/resarch/searchSATD-underCode/clone/src/main/org/apache/tools/ant/taskdefs/email/EmailTask.java
"// 2 is != 0 and even, so it is considered // failure on any platform currently supported // by Execute#isFailure.","return 2;",54,0.5079365079365079,/Users/yonekuramiki/Desktop/resarch/searchSATD-underCode/clone/src/tests/junit/org/apache/tools/ant/taskdefs/optional/RpmTest.java
"// Eof has been reached","reachedEof = true;",438,1.0,/Users/yonekuramiki/Desktop/resarch/searchSATD-underCode/clone/src/main/org/apache/tools/ant/taskdefs/FixCRLF.java
"//decide whether to copy the existing arg set, or //build a new one from the list of all args excluding the special //operations that only we handle","if (argList.size() == args.length) {",218,0.5030674846625767,/Users/yonekuramiki/Desktop/resarch/searchSATD-underCode/clone/src/main/org/apache/tools/ant/launch/Launcher.java
"// type","String oldValue = (String) props.get(key);",335,0.3076923076923077,/Users/yonekuramiki/Desktop/resarch/searchSATD-underCode/clone/src/main/org/apache/tools/ant/taskdefs/optional/PropertyFile.java
"// wait for TIME_OUT/2, there should be about TIME_OUT/2 ms remaining before timeout","thread.join(TIME_OUT/2);",140,1.0,/Users/yonekuramiki/Desktop/resarch/searchSATD-underCode/clone/src/tests/junit/org/apache/tools/ant/taskdefs/ExecuteWatchdogTest.java
""/*                fragments.addElement(value.substring(pos + 1, pos + 2));                prev = pos + 2;                */"","if (value.charAt(pos + 1) == '$') {",594,0.8571428571428571,/Users/yonekuramiki/Desktop/resarch/searchSATD-underCode/clone/proposal/embed/src/java/org/apache/tools/ant/PropertyHelper.java
"// Well, no matching constructor.","return null;",1050,1.0,/Users/yonekuramiki/Desktop/resarch/searchSATD-underCode/clone/src/main/org/apache/tools/ant/IntrospectionHelper.java
"//check that dir and src are incompatible","f.setSrc(new File("example.zip"));",43,1.0,/Users/yonekuramiki/Desktop/resarch/searchSATD-underCode/clone/src/tests/junit/org/apache/tools/ant/types/ZipFileSetTest.java
"// OK, try without.","try {",1045,1.0,/Users/yonekuramiki/Desktop/resarch/searchSATD-underCode/clone/src/main/org/apache/tools/ant/IntrospectionHelper.java
"// Set up a VSSHistory task","MSVSSHISTORY vssHistory = new MSVSSHISTORY();",186,1.0,/Users/yonekuramiki/Desktop/resarch/searchSATD-underCode/clone/src/tests/junit/org/apache/tools/ant/taskdefs/optional/vss/MSVSSTest.java
"// -ptime","cmd.createArgument().setValue(FLAG_PRESERVETIME);",157,1.0,/Users/yonekuramiki/Desktop/resarch/searchSATD-underCode/clone/src/main/org/apache/tools/ant/taskdefs/optional/clearcase/CCUpdate.java
"// Throws EjbcException if unsuccessful","EjbInfo[] ejbs = getEjbs(); // Returns list of EJBs for processing",376,0.7692307692307693,/Users/yonekuramiki/Desktop/resarch/searchSATD-underCode/clone/src/main/org/apache/tools/ant/taskdefs/optional/ejb/IPlanetEjbc.java
"// tests one the file object","assertTrue("No index.html present. Not generated?", reportFile.exists() );",117,1.0,/Users/yonekuramiki/Desktop/resarch/searchSATD-underCode/clone/src/tests/junit/org/apache/tools/ant/taskdefs/optional/junit/JUnitReportTest.java
"// Make a limited attempt to extract a sanitized name and email address // Algorithm based on the one found in Ant's MailMessage.java","public EmailAddress(String email) {",47,0.6941176470588235,/Users/yonekuramiki/Desktop/resarch/searchSATD-underCode/clone/src/main/org/apache/tools/ant/taskdefs/email/EmailAddress.java
"// If the file being added is META-INF/application.xml, we // warn if it's not the one specified in the "appxml" // attribute - or if it's being added twice, meaning the same // file is specified by the "appxml" attribute and in a // <fileset> element.","too long.",0,0,0
"// if at eolcount == 0 and trailing characters of string // are CTRL-Zs, set eofStr","if (eolcount == 0) {",483,0.8070175438596491,/Users/yonekuramiki/Desktop/resarch/searchSATD-underCode/clone/src/main/org/apache/tools/ant/taskdefs/FixCRLF.java
"// We have extra elements","fail("extra args");",449,1.0,/Users/yonekuramiki/Desktop/resarch/searchSATD-underCode/clone/src/tests/junit/org/apache/tools/ant/taskdefs/optional/vss/MSVSSTest.java
"// -keep","cmd.createArgument().setValue(FLAG_KEEPCOPY);",101,1.0,/Users/yonekuramiki/Desktop/resarch/searchSATD-underCode/clone/src/main/org/apache/tools/ant/taskdefs/optional/clearcase/CCUnCheckout.java
"// keep searching for the first ^Z","}",488,1.0,/Users/yonekuramiki/Desktop/resarch/searchSATD-underCode/clone/src/main/org/apache/tools/ant/taskdefs/FixCRLF.java
"// -identical","cmd.createArgument().setValue(FLAG_IDENTICAL);",157,1.0,/Users/yonekuramiki/Desktop/resarch/searchSATD-underCode/clone/src/main/org/apache/tools/ant/taskdefs/optional/clearcase/CCCheckin.java
"// conversion to URL via FileUtils like in XMLResultAggregator, not as suggested in the bug report","URL reportUrl = new URL( FileUtils.getFileUtils().toURI(reportFile.getAbsolutePath()) );",121,1.0,/Users/yonekuramiki/Desktop/resarch/searchSATD-underCode/clone/src/tests/junit/org/apache/tools/ant/taskdefs/optional/junit/JUnitReportTest.java
"// Trailing characters are ^Zs // Construct new line and eofStr","eofStr.append(line.toString().substring(i + 1));",491,0.6582278481012658,/Users/yonekuramiki/Desktop/resarch/searchSATD-underCode/clone/src/main/org/apache/tools/ant/taskdefs/FixCRLF.java
"// Check for required attributes","if (getTypeName() == null) {",118,1.0,/Users/yonekuramiki/Desktop/resarch/searchSATD-underCode/clone/src/main/org/apache/tools/ant/taskdefs/optional/clearcase/CCMklbtype.java
"// DO NOTHING","}",1264,1.0,/Users/yonekuramiki/Desktop/resarch/searchSATD-underCode/clone/src/main/org/apache/tools/ant/IntrospectionHelper.java
"// permissible values for compression attribute","/**",898,1.0,/Users/yonekuramiki/Desktop/resarch/searchSATD-underCode/clone/src/main/org/apache/tools/ant/taskdefs/Tar.java
"// build the command line from what we got. the format is // cleartool mkattr [options...] [viewpath ...] // as specified in the CLEARTOOL help","// the format is:",44,0.4444444444444444,/Users/yonekuramiki/Desktop/resarch/searchSATD-underCode/clone/src/main/org/apache/tools/ant/taskdefs/optional/vss/MSVSSCREATE.java
"// ================  testcases for the cache implementations  ================","/**",311,1.0,/Users/yonekuramiki/Desktop/resarch/searchSATD-underCode/clone/src/tests/junit/org/apache/tools/ant/types/selectors/ModifiedSelectorTest.java
"// does the selection","String results = selectionString(s);",370,1.0,/Users/yonekuramiki/Desktop/resarch/searchSATD-underCode/clone/src/tests/junit/org/apache/tools/ant/types/selectors/ModifiedSelectorTest.java
"// -replace","cmd.createArgument().setValue(FLAG_REPLACE);",148,1.0,/Users/yonekuramiki/Desktop/resarch/searchSATD-underCode/clone/src/main/org/apache/tools/ant/taskdefs/optional/clearcase/CCMklbtype.java
"// should be full moon","cal.set(2002, 2, 27);",84,1.0,/Users/yonekuramiki/Desktop/resarch/searchSATD-underCode/clone/src/tests/junit/org/apache/tools/ant/util/DateUtilsTest.java
"// ADD or ADD_CONFIGURED","AddNestedCreator(Method m, Constructor c, int behavior) {",1286,0.6885245901639344,/Users/yonekuramiki/Desktop/resarch/searchSATD-underCode/clone/src/main/org/apache/tools/ant/IntrospectionHelper.java
"// 60s // a further 30s","None",None,None,None
"// For directories:","private static final long EMPTY_CRC = new CRC32 ().getValue ();",86,1.0,/Users/yonekuramiki/Desktop/resarch/searchSATD-underCode/clone/src/main/org/apache/tools/ant/taskdefs/Zip.java
"// -recurse","cmd.createArgument().setValue(FLAG_RECURSE);",152,1.0,/Users/yonekuramiki/Desktop/resarch/searchSATD-underCode/clone/src/main/org/apache/tools/ant/taskdefs/optional/clearcase/CCMkattr.java
"// Renamed version of original file, if it exists","File renamedFile = null;",441,1.0,/Users/yonekuramiki/Desktop/resarch/searchSATD-underCode/clone/src/main/org/apache/tools/ant/taskdefs/Zip.java
"// order of headers cannot be guaranteed","if (testMailClient.isFailed()) {",142,0.6538461538461539,/Users/yonekuramiki/Desktop/resarch/searchSATD-underCode/clone/src/tests/junit/org/apache/tools/mail/MailMessageTest.java
"// now stop the watchdog.","watchdog.stop();",143,1.0,/Users/yonekuramiki/Desktop/resarch/searchSATD-underCode/clone/src/tests/junit/org/apache/tools/ant/taskdefs/ExecuteWatchdogTest.java
"// the method called to set the attribute","AttributeSetter(Method m) {",1336,0.7727272727272727,/Users/yonekuramiki/Desktop/resarch/searchSATD-underCode/clone/src/main/org/apache/tools/ant/IntrospectionHelper.java
"// Add the files found in groupfileset to fileset","for (int i = 0; i < groupfilesets.size(); i++) {",453,1.0,/Users/yonekuramiki/Desktop/resarch/searchSATD-underCode/clone/src/main/org/apache/tools/ant/taskdefs/Zip.java
"// can also handle empty archives","ArchiveState state = getResourcesToAdd(fss, zipFile, false);",489,1.0,/Users/yonekuramiki/Desktop/resarch/searchSATD-underCode/clone/src/main/org/apache/tools/ant/taskdefs/Zip.java
"// maintain a sorted list of targets","if (targetDescription == null) {",947,1.0,/Users/yonekuramiki/Desktop/resarch/searchSATD-underCode/clone/src/main/org/apache/tools/ant/Main.java
"// quick exit if the target is up to date","if (!state.isOutOfDate()) {",492,1.0,/Users/yonekuramiki/Desktop/resarch/searchSATD-underCode/clone/src/main/org/apache/tools/ant/taskdefs/Zip.java
"// Choosing character set of the mail message // First: looking it from MimeType","String charset = parseCharSetFromMimeType(message.getMimeType());",181,0.7238095238095238,/Users/yonekuramiki/Desktop/resarch/searchSATD-underCode/clone/src/main/org/apache/tools/ant/taskdefs/email/MimeMailer.java
